journals,online_assignments
0.7,
305,
2018,
2019,
--,
.7e,
’,
“,
”,
/div,
/li,
/ol,
/p,
/span,
/td,
/tr,
/ul,
0px,
0px,
11pt,
11px,
13.1px,
30px,
adam,
april,
august,
b,
br,
business,
c,
class,
class=,
div,
ethics,
face=,
fall,
february,
font,
font-family,
font-size,
font-stretch,
font-weight,
h,
h-,
helvetica,
j,
january,
january,
journal,
li,
line-height,
m,
march,
may,
min-height,
neue,
normal,
november,
october,
ol,
p,
padding-left,
phil,
philosophy,
picture-uploaded,
september,
span,
spring,
style=,
style='margin,
swenson,
td,
text-align,
tr,
ul,
valign=,
week,
unit,